{
  "beta": 0.5,
  "mu": {
    "Z01": 12.775824669010397,
    "Z02": 12.356945171665794,
    "Z03": 12.566384920338097,
    "Z04": 11.878225746129106,
    "Z05": 11.579026105168674,
    "Z06": 13.254544094547088,
    "Z07": 12.476625028049966,
    "Z08": 12.057745530705363,
    "Z09": 12.416785099857881,
    "Z10": 13.104944274066872,
    "Z11": 12.89550452539457,
    "Z12": 12.566384920338097
  },
  "alpha": {
    "Z01": {
      "Z02": 0.7038,
      "Z01": 0.3
    },
    "Z02": {
      "Z01": 0.7038,
      "Z03": 0.2715,
      "Z02": 0.3
    },
    "Z03": {
      "Z02": 0.2715,
      "Z04": 0.9069,
      "Z07": 0.6036,
      "Z03": 0.3
    },
    "Z04": {
      "Z03": 0.9069,
      "Z05": 0.4332,
      "Z10": 0.2847,
      "Z04": 0.3
    },
    "Z05": {
      "Z04": 0.4332,
      "Z06": 0.2451,
      "Z10": 0.4743,
      "Z05": 0.3
    },
    "Z06": {
      "Z05": 0.2451,
      "Z09": 0.2454,
      "Z06": 0.3
    },
    "Z07": {
      "Z03": 0.6036,
      "Z08": 1.0287,
      "Z11": 0.189,
      "Z07": 0.3
    },
    "Z08": {
      "Z07": 1.0287,
      "Z09": 0.2775,
      "Z10": 0.8172,
      "Z08": 0.3
    },
    "Z09": {
      "Z06": 0.2454,
      "Z08": 0.2775,
      "Z12": 0.5382,
      "Z09": 0.3
    },
    "Z10": {
      "Z04": 0.2847,
      "Z05": 0.4743,
      "Z08": 0.8172,
      "Z10": 0.3
    },
    "Z11": {
      "Z07": 0.189,
      "Z12": 0.1407,
      "Z11": 0.3
    },
    "Z12": {
      "Z09": 0.5382,
      "Z11": 0.1407,
      "Z12": 0.3
    }
  },
  "last_estimated": "2026-03-26T07:33:31.604705"
}